{"is_source_file": true, "file_id": 5, "git_revision": "", "state": 3, "description": "", "external_files": [], "external_methods": [], "published": [], "classes": [], "methods": [], "calls": [], "search-terms": [], "ctags": [{"_type": "tag", "name": "_connect", "path": "/home/kavia/workspace/code-generation/simple-notes-app-312494-312505/notes_backend/src/api/db.py", "pattern": "/^def _connect(db_path: str) -> Generator[sqlite3.Connection, None, None]:$/", "language": "Python", "typeref": "typename:Generator[sqlite3.Connection,None,None]", "kind": "function", "signature": "(db_path: str)"}, {"_type": "tag", "name": "_default_db_path", "path": "/home/kavia/workspace/code-generation/simple-notes-app-312494-312505/notes_backend/src/api/db.py", "pattern": "/^def _default_db_path() -> str:$/", "language": "Python", "typeref": "typename:str", "kind": "function", "signature": "()"}, {"_type": "tag", "name": "get_db", "path": "/home/kavia/workspace/code-generation/simple-notes-app-312494-312505/notes_backend/src/api/db.py", "pattern": "/^def get_db() -> Generator[sqlite3.Connection, None, None]:$/", "language": "Python", "typeref": "typename:Generator[sqlite3.Connection,None,None]", "kind": "function", "signature": "()"}, {"_type": "tag", "name": "init_db", "path": "/home/kavia/workspace/code-generation/simple-notes-app-312494-312505/notes_backend/src/api/db.py", "pattern": "/^def init_db(conn: sqlite3.Connection) -> None:$/", "language": "Python", "typeref": "typename:None", "kind": "function", "signature": "(conn: sqlite3.Connection)"}], "format": "Python", "hash": "624055720d845055af5cf6ee9e9b2eb0", "format-version": 4, "code-base-name": "notes_backend", "filename": "notes_backend/src/api/db.py", "knowledge_revision": 10}