{"is_source_file": false, "format": "JSON", "description": "This file is an OpenAPI specification in JSON format describing the API endpoints and health check functionality for a FastAPI project.", "external_files": [], "external_methods": [], "published": [], "classes": [], "methods": [], "calls": [], "search-terms": ["openapi", "FastAPI", "health check", "operationId: health_check__get"], "state": 2, "file_id": 8, "knowledge_revision": 20, "git_revision": "93006f7213a041ca6e4e01ae17631fda090340f3", "hash": "61ef14a9780590487a39b4e28c74e95a", "format-version": 4, "code-base-name": "notes_backend", "filename": "notes_backend/interfaces/openapi.running.json", "revision_history": [{"20": "93006f7213a041ca6e4e01ae17631fda090340f3"}]}