{"is_source_file": true, "format": "Python", "description": "This is a data-access layer module for managing 'Note' objects in a SQLite database, providing functions to list, get, create, update, and delete notes.", "external_files": ["src.api.models"], "external_methods": ["src.api.models.Note", "src.api.models.NoteCreate", "src.api.models.NoteUpdate"], "published": ["list_notes", "get_note", "create_note", "update_note", "delete_note"], "classes": [], "methods": [{"name": "Note _row_to_note(row: sqlite3.Row)", "description": "Converts a SQLite row into a Note model instance.", "scope": "", "scopeKind": ""}, {"name": "List[Note] list_notes(conn: sqlite3.Connection)", "description": "Retrieves all notes from the database, ordered by most recent update.", "scope": "", "scopeKind": ""}, {"name": "Optional[Note] get_note(conn: sqlite3.Connection, note_id: int)", "description": "Fetches a specific note by its ID from the database.", "scope": "", "scopeKind": ""}, {"name": "Note create_note(conn: sqlite3.Connection, payload: NoteCreate)", "description": "Creates a new note in the database from provided payload.", "scope": "", "scopeKind": ""}, {"name": "Optional[Note] update_note(conn: sqlite3.Connection, note_id: int, payload: NoteUpdate)", "description": "Updates an existing note identified by note_id with new data.", "scope": "", "scopeKind": ""}, {"name": "bool delete_note(conn: sqlite3.Connection, note_id: int)", "description": "Deletes a note by its ID and indicates success.", "scope": "", "scopeKind": ""}], "calls": ["conn.execute", "conn.commit", "get_note"], "search-terms": ["dao", "data-access layer", "notes", "sqlite3", "notes_backend"], "state": 2, "file_id": 7, "knowledge_revision": 16, "git_revision": "93006f7213a041ca6e4e01ae17631fda090340f3", "ctags": [{"_type": "tag", "name": "_row_to_note", "path": "/home/kavia/workspace/code-generation/simple-notes-app-312494-312505/notes_backend/src/api/dao.py", "pattern": "/^def _row_to_note(row: sqlite3.Row) -> Note:$/", "language": "Python", "typeref": "typename:Note", "kind": "function", "signature": "(row: sqlite3.Row)"}, {"_type": "tag", "name": "create_note", "path": "/home/kavia/workspace/code-generation/simple-notes-app-312494-312505/notes_backend/src/api/dao.py", "pattern": "/^def create_note(conn: sqlite3.Connection, payload: NoteCreate) -> Note:$/", "language": "Python", "typeref": "typename:Note", "kind": "function", "signature": "(conn: sqlite3.Connection, payload: NoteCreate)"}, {"_type": "tag", "name": "delete_note", "path": "/home/kavia/workspace/code-generation/simple-notes-app-312494-312505/notes_backend/src/api/dao.py", "pattern": "/^def delete_note(conn: sqlite3.Connection, note_id: int) -> bool:$/", "language": "Python", "typeref": "typename:bool", "kind": "function", "signature": "(conn: sqlite3.Connection, note_id: int)"}, {"_type": "tag", "name": "get_note", "path": "/home/kavia/workspace/code-generation/simple-notes-app-312494-312505/notes_backend/src/api/dao.py", "pattern": "/^def get_note(conn: sqlite3.Connection, note_id: int) -> Optional[Note]:$/", "language": "Python", "typeref": "typename:Optional[Note]", "kind": "function", "signature": "(conn: sqlite3.Connection, note_id: int)"}, {"_type": "tag", "name": "list_notes", "path": "/home/kavia/workspace/code-generation/simple-notes-app-312494-312505/notes_backend/src/api/dao.py", "pattern": "/^def list_notes(conn: sqlite3.Connection) -> List[Note]:$/", "language": "Python", "typeref": "typename:List[Note]", "kind": "function", "signature": "(conn: sqlite3.Connection)"}, {"_type": "tag", "name": "update_note", "path": "/home/kavia/workspace/code-generation/simple-notes-app-312494-312505/notes_backend/src/api/dao.py", "pattern": "/^def update_note(conn: sqlite3.Connection, note_id: int, payload: NoteUpdate) -> Optional[Note]:$/", "language": "Python", "typeref": "typename:Optional[Note]", "kind": "function", "signature": "(conn: sqlite3.Connection, note_id: int, payload: NoteUpdate)"}], "hash": "4966bfe5cd8811978129060ada9c4472", "format-version": 4, "code-base-name": "notes_backend", "filename": "notes_backend/src/api/dao.py", "revision_history": [{"16": "93006f7213a041ca6e4e01ae17631fda090340f3"}]}