{"is_source_file": true, "format": "Python", "description": "Main FastAPI application source file for the Simple Notes API. It sets up API endpoints for health checks and CRUD operations on notes, configures middleware, and ties together external data access and models.", "external_files": ["src/api/dao.py", "src/api/db.py", "src/api/models.py"], "external_methods": ["create_note", "delete_note", "get_note", "list_notes", "update_note", "get_db"], "published": ["app", "health_check"], "classes": [], "methods": [{"name": "health_check()", "description": "Return a simple health status message.", "scope": "", "scopeKind": ""}, {"name": "http_create_note(payload: NoteCreate, conn=Depends(get_db))", "scope": "", "scopeKind": "", "description": "unavailable"}, {"name": "http_delete_note(id: int = Field(..., ge=1, description=\"Note id\"), conn=Depends(get_db))", "scope": "", "scopeKind": "", "description": "unavailable"}, {"name": "http_get_note(id: int = Field(..., ge=1, description=\"Note id\"), conn=Depends(get_db))", "scope": "", "scopeKind": "", "description": "unavailable"}, {"name": "http_list_notes(conn=Depends(get_db))", "scope": "", "scopeKind": "", "description": "unavailable"}, {"name": "http_update_note( id: int = Field(..., ge=1, description=\"Note id\"), payload: NoteUpdate = ..., conn=Depends(get_db), )", "scope": "", "scopeKind": "", "description": "unavailable"}], "calls": ["list_notes(conn)", "get_note(conn, id)", "create_note(conn, payload)", "update_note(conn, id, payload)", "delete_note(conn, id)"], "search-terms": ["FastAPI", "notes_backend", "main.py", "CORS middleware", "CRUD endpoints", "health check", "notes API", "dependency injection"], "state": 2, "file_id": 2, "knowledge_revision": 17, "git_revision": "93006f7213a041ca6e4e01ae17631fda090340f3", "revision_history": [{"8": "e9185a2d5f68d6ccbc85ac138e27a3b45aee823c"}, {"14": "93006f7213a041ca6e4e01ae17631fda090340f3"}, {"17": "93006f7213a041ca6e4e01ae17631fda090340f3"}], "ctags": [{"_type": "tag", "name": "app", "path": "/home/kavia/workspace/code-generation/simple-notes-app-312494-312505/notes_backend/src/api/main.py", "pattern": "/^app = FastAPI($/", "language": "Python", "kind": "variable"}, {"_type": "tag", "name": "health_check", "path": "/home/kavia/workspace/code-generation/simple-notes-app-312494-312505/notes_backend/src/api/main.py", "pattern": "/^def health_check():$/", "language": "Python", "kind": "function", "signature": "()"}, {"_type": "tag", "name": "http_create_note", "path": "/home/kavia/workspace/code-generation/simple-notes-app-312494-312505/notes_backend/src/api/main.py", "pattern": "/^def http_create_note(payload: NoteCreate, conn=Depends(get_db)):$/", "language": "Python", "kind": "function", "signature": "(payload: NoteCreate, conn=Depends(get_db))"}, {"_type": "tag", "name": "http_delete_note", "path": "/home/kavia/workspace/code-generation/simple-notes-app-312494-312505/notes_backend/src/api/main.py", "pattern": "/^def http_delete_note(id: int = Field(..., ge=1, description=\"Note id\"), conn=Depends(get_db)):$/", "language": "Python", "kind": "function", "signature": "(id: int = Field(..., ge=1, description=\"Note id\"), conn=Depends(get_db))"}, {"_type": "tag", "name": "http_get_note", "path": "/home/kavia/workspace/code-generation/simple-notes-app-312494-312505/notes_backend/src/api/main.py", "pattern": "/^def http_get_note(id: int = Field(..., ge=1, description=\"Note id\"), conn=Depends(get_db)):$/", "language": "Python", "kind": "function", "signature": "(id: int = Field(..., ge=1, description=\"Note id\"), conn=Depends(get_db))"}, {"_type": "tag", "name": "http_list_notes", "path": "/home/kavia/workspace/code-generation/simple-notes-app-312494-312505/notes_backend/src/api/main.py", "pattern": "/^def http_list_notes(conn=Depends(get_db)):$/", "language": "Python", "kind": "function", "signature": "(conn=Depends(get_db))"}, {"_type": "tag", "name": "http_update_note", "path": "/home/kavia/workspace/code-generation/simple-notes-app-312494-312505/notes_backend/src/api/main.py", "pattern": "/^def http_update_note($/", "language": "Python", "kind": "function", "signature": "( id: int = Field(..., ge=1, description=\"Note id\"), payload: NoteUpdate = ..., conn=Depends(get_db), )"}, {"_type": "tag", "name": "openapi_tags", "path": "/home/kavia/workspace/code-generation/simple-notes-app-312494-312505/notes_backend/src/api/main.py", "pattern": "/^openapi_tags = [$/", "language": "Python", "kind": "variable"}], "hash": "b650333e4812278350ee6091638a6e30", "format-version": 4, "code-base-name": "notes_backend", "filename": "notes_backend/src/api/main.py", "fields": [{"name": "app = FastAPI(", "scope": "", "scopeKind": "", "description": "unavailable"}, {"name": "openapi_tags = [", "scope": "", "scopeKind": "", "description": "unavailable"}]}