{"is_source_file": true, "format": "Python", "description": "This file defines Pydantic models for representing notes in the Notes API, including request and response schemas.", "external_files": ["pydantic"], "external_methods": [], "published": ["NoteBase", "NoteCreate", "NoteUpdate", "Note"], "classes": [{"name": "NoteBase", "description": "Shared fields for note create/update operations."}, {"name": "NoteCreate", "description": "Request body for creating a note, inherits from NoteBase."}, {"name": "NoteUpdate", "description": "Request body for updating a note, supports partial updates via optional fields."}, {"name": "Note", "description": "Response model for a persisted note, including ID and timestamps."}], "methods": [], "calls": [], "search-terms": ["pydantic", "models", "NoteBase", "NoteCreate", "NoteUpdate", "Note", "Notes API"], "state": 2, "file_id": 6, "knowledge_revision": 15, "git_revision": "93006f7213a041ca6e4e01ae17631fda090340f3", "ctags": [{"_type": "tag", "name": "Note", "path": "/home/kavia/workspace/code-generation/simple-notes-app-312494-312505/notes_backend/src/api/models.py", "pattern": "/^class Note(NoteBase):$/", "language": "Python", "kind": "class"}, {"_type": "tag", "name": "NoteBase", "path": "/home/kavia/workspace/code-generation/simple-notes-app-312494-312505/notes_backend/src/api/models.py", "pattern": "/^class NoteBase(BaseModel):$/", "language": "Python", "kind": "class"}, {"_type": "tag", "name": "NoteCreate", "path": "/home/kavia/workspace/code-generation/simple-notes-app-312494-312505/notes_backend/src/api/models.py", "pattern": "/^class NoteCreate(NoteBase):$/", "language": "Python", "kind": "class"}, {"_type": "tag", "name": "NoteUpdate", "path": "/home/kavia/workspace/code-generation/simple-notes-app-312494-312505/notes_backend/src/api/models.py", "pattern": "/^class NoteUpdate(BaseModel):$/", "language": "Python", "kind": "class"}, {"_type": "tag", "name": "content", "path": "/home/kavia/workspace/code-generation/simple-notes-app-312494-312505/notes_backend/src/api/models.py", "pattern": "/^    content: Optional[str] = Field(None, min_length=1, description=\"Updated content.\")$/", "language": "Python", "typeref": "typename:Optional[str]", "kind": "variable", "scope": "NoteUpdate", "scopeKind": "class"}, {"_type": "tag", "name": "content", "path": "/home/kavia/workspace/code-generation/simple-notes-app-312494-312505/notes_backend/src/api/models.py", "pattern": "/^    content: str = Field(..., min_length=1, description=\"Full note content.\")$/", "language": "Python", "typeref": "typename:str", "kind": "variable", "scope": "NoteBase", "scopeKind": "class"}, {"_type": "tag", "name": "created_at", "path": "/home/kavia/workspace/code-generation/simple-notes-app-312494-312505/notes_backend/src/api/models.py", "pattern": "/^    created_at: str = Field(..., description=\"ISO-like datetime string when the note was created/", "language": "Python", "typeref": "typename:str", "kind": "variable", "scope": "Note", "scopeKind": "class"}, {"_type": "tag", "name": "id", "path": "/home/kavia/workspace/code-generation/simple-notes-app-312494-312505/notes_backend/src/api/models.py", "pattern": "/^    id: int = Field(..., description=\"Auto-incrementing note identifier.\")$/", "language": "Python", "typeref": "typename:int", "kind": "variable", "scope": "Note", "scopeKind": "class"}, {"_type": "tag", "name": "title", "path": "/home/kavia/workspace/code-generation/simple-notes-app-312494-312505/notes_backend/src/api/models.py", "pattern": "/^    title: Optional[str] = Field(None, min_length=1, description=\"Updated title.\")$/", "language": "Python", "typeref": "typename:Optional[str]", "kind": "variable", "scope": "NoteUpdate", "scopeKind": "class"}, {"_type": "tag", "name": "title", "path": "/home/kavia/workspace/code-generation/simple-notes-app-312494-312505/notes_backend/src/api/models.py", "pattern": "/^    title: str = Field(..., min_length=1, description=\"Short title for the note.\")$/", "language": "Python", "typeref": "typename:str", "kind": "variable", "scope": "NoteBase", "scopeKind": "class"}, {"_type": "tag", "name": "updated_at", "path": "/home/kavia/workspace/code-generation/simple-notes-app-312494-312505/notes_backend/src/api/models.py", "pattern": "/^    updated_at: str = Field(..., description=\"ISO-like datetime string when the note was last up/", "language": "Python", "typeref": "typename:str", "kind": "variable", "scope": "Note", "scopeKind": "class"}], "hash": "0f4082f6bbab5484d4535833eef6c6ac", "format-version": 4, "code-base-name": "notes_backend", "filename": "notes_backend/src/api/models.py", "fields": [{"name": "Optional[str] content", "scope": "NoteUpdate", "scopeKind": "class", "description": "unavailable"}, {"name": "str content", "scope": "NoteBase", "scopeKind": "class", "description": "unavailable"}, {"name": "str created_at", "scope": "Note", "scopeKind": "class", "description": "unavailable"}, {"name": "int id", "scope": "Note", "scopeKind": "class", "description": "unavailable"}, {"name": "Optional[str] title", "scope": "NoteUpdate", "scopeKind": "class", "description": "unavailable"}, {"name": "str title", "scope": "NoteBase", "scopeKind": "class", "description": "unavailable"}, {"name": "str updated_at", "scope": "Note", "scopeKind": "class", "description": "unavailable"}], "revision_history": [{"15": "93006f7213a041ca6e4e01ae17631fda090340f3"}]}